{
  "round": [
    1,
    2
  ],
  "test_acc": [
    0.04072283023670145,
    0.1883430898447442
  ],
  "test_loss": [
    2.1986732249588843,
    2.134420124256875
  ]
}