{
  "round": [
    1,
    2,
    3,
    4,
    5,
    6,
    7,
    8,
    9,
    10,
    11,
    12,
    13,
    14,
    15,
    16,
    17,
    18,
    19,
    20,
    21,
    22
  ],
  "test_acc": [
    0.39653855942988037,
    0.4138457622804785,
    0.544158818962071,
    0.5749554593589173,
    0.6172053957294951,
    0.6314583863426815,
    0.6691270042585338,
    0.6917790785246024,
    0.6996691269360599,
    0.7009417153278602,
    0.6966149145393585,
    0.7294476965238921,
    0.7225757189214488,
    0.7157037414555393,
    0.7312293202102139,
    0.7297022142128715,
    0.7230847542994076,
    0.7197760242061416,
    0.7269025196340982,
    0.7253754135002219,
    0.7248663779857293,
    0.7251208956747086
  ],
  "test_loss": [
    1.5105652479944596,
    1.4030228449995508,
    1.1381034745487981,
    1.0703772343154716,
    0.9891649876941886,
    0.9733176344859142,
    0.9354180527510125,
    0.8458338913100765,
    0.8489274685544863,
    0.8514673883115769,
    0.8582038379832059,
    0.7666388783754663,
    0.8069465995350694,
    0.8183948976540268,
    0.8016819744566435,
    0.7968945628694373,
    0.8163660415470767,
    0.8555183605129526,
    0.8205182783686802,
    0.8281296040150736,
    0.8561097533383057,
    0.8466866554331616
  ]
}