{
  "round": [
    1
  ],
  "test_acc": [
    0.38559429879807794
  ],
  "test_loss": [
    1.6023050373399734
  ]
}