{
  "round": [
    1
  ],
  "test_acc": [
    0.882667345380504
  ],
  "test_loss": [
    0.34736667557333406
  ],
  "semantic_scores": [
    [
      0.3012538067996502,
      0.30057044699788094,
      0.3011297509074211
    ]
  ],
  "agg_weights": [
    [
      0.33378180861473083,
      0.3326433300971985,
      0.3335748314857483
    ]
  ],
  "client_names": [
    "art",
    "cartoon",
    "photo"
  ]
}