{
  "round": [
    1,
    2,
    3,
    4,
    5,
    6,
    7
  ],
  "test_acc": [
    0.7224008355005836,
    0.7342985276350009,
    0.739458972416194,
    0.7429607028034321,
    0.7456228370159523,
    0.7477525443859685,
    0.7485307066942436
  ],
  "test_loss": [
    1.2047092791400238,
    1.1374356523368243,
    1.1038254698066716,
    1.084775682673088,
    1.0714130071004688,
    1.0618581646560972,
    1.0546898151567332
  ],
  "semantic_scores": [
    [
      0.27777551507949827,
      0.2782663261890411,
      0.2740086259841919,
      0.27985665798187254,
      0.2771276931762695
    ],
    [
      0.2797239298820496,
      0.2791269891262054,
      0.2743602731227875,
      0.2796884286403656,
      0.278133682012558
    ],
    [
      0.2827589695453644,
      0.2812085726261139,
      0.2766797239780426,
      0.2802398495674133,
      0.2798627541065216
    ],
    [
      0.2839653737545013,
      0.2818338079452515,
      0.27811169505119326,
      0.2803726844787598,
      0.2805775301456451
    ],
    [
      0.28469135355949404,
      0.28196541929244995,
      0.2786415538787842,
      0.2807136261463165,
      0.28076474475860597
    ],
    [
      0.28516497659683226,
      0.2822460997104645,
      0.27857391476631166,
      0.28105361461639405,
      0.2810964810848236
    ],
    [
      0.28540781092643736,
      0.2823410499095917,
      0.2784019777774811,
      0.2807632701396942,
      0.2811197371482849
    ]
  ],
  "agg_weights": [
    [
      0.20035965740680695,
      0.2008519470691681,
      0.19662131369113922,
      0.20245541632175446,
      0.19971169531345367
    ],
    [
      0.20151293277740479,
      0.20091238617897034,
      0.196180522441864,
      0.20147714018821716,
      0.1999170035123825
    ],
    [
      0.20261596143245697,
      0.20105133950710297,
      0.19654986262321472,
      0.20007988810539246,
      0.19970300793647766
    ],
    [
      0.2030063271522522,
      0.20085419714450836,
      0.19715076684951782,
      0.1993921846151352,
      0.19959652423858643
    ],
    [
      0.20335401594638824,
      0.20060114562511444,
      0.19729486107826233,
      0.199349507689476,
      0.19940048456192017
    ],
    [
      0.2035578191280365,
      0.20060861110687256,
      0.19695882499217987,
      0.19941601157188416,
      0.1994587779045105
    ],
    [
      0.2038240283727646,
      0.20072247087955475,
      0.1968078464269638,
      0.19914522767066956,
      0.19950048625469208
    ]
  ],
  "proto_coverage": [
    1.0,
    1.0,
    1.0,
    1.0,
    1.0,
    1.0,
    1.0
  ],
  "global_proto_valid_classes": [
    345,
    345,
    345,
    345,
    345,
    345,
    345
  ],
  "client_names": [
    "infograph",
    "painting",
    "quickdraw",
    "real",
    "sketch"
  ]
}