{
  "round": [
    1,
    2,
    3,
    4,
    5,
    6,
    7,
    8,
    9,
    10,
    11,
    12,
    13,
    14,
    15,
    16,
    17,
    18,
    19,
    20,
    21,
    22,
    23,
    24,
    25,
    26,
    27,
    28,
    29,
    30,
    31,
    32,
    33,
    34,
    35,
    36,
    37,
    38,
    39,
    40,
    41,
    42,
    43,
    44,
    45,
    46,
    47,
    48,
    49,
    50
  ],
  "test_acc": [
    0.9736328125,
    0.97314453125,
    0.97314453125,
    0.974609375,
    0.97607421875,
    0.9765625,
    0.978515625,
    0.97900390625,
    0.97900390625,
    0.97900390625,
    0.9794921875,
    0.98095703125,
    0.9814453125,
    0.9814453125,
    0.98095703125,
    0.9814453125,
    0.9814453125,
    0.9814453125,
    0.98193359375,
    0.982421875,
    0.982421875,
    0.982421875,
    0.9833984375,
    0.9833984375,
    0.98291015625,
    0.98388671875,
    0.98388671875,
    0.984375,
    0.9833984375,
    0.9833984375,
    0.9833984375,
    0.9833984375,
    0.9833984375,
    0.98291015625,
    0.98291015625,
    0.98291015625,
    0.9833984375,
    0.9833984375,
    0.9833984375,
    0.9833984375,
    0.9833984375,
    0.9833984375,
    0.9833984375,
    0.9833984375,
    0.9833984375,
    0.98291015625,
    0.98291015625,
    0.9833984375,
    0.98291015625,
    0.98291015625
  ],
  "test_loss": [
    0.10130879573262064,
    0.10022513214062201,
    0.0985760074108839,
    0.09647091987426393,
    0.09405118912400212,
    0.09143270385538926,
    0.08880785409564851,
    0.08623942595295375,
    0.08388315751653863,
    0.08191581506980583,
    0.08013903268874856,
    0.07871246954164235,
    0.07742416689870879,
    0.07624547923478531,
    0.07524936266418081,
    0.07429372117621824,
    0.0734119294793345,
    0.07251495437594713,
    0.07166686461278005,
    0.0708551613461168,
    0.07006820398964919,
    0.069323179028288,
    0.06851498119431199,
    0.06776090170387761,
    0.06701253310166067,
    0.06622248984422185,
    0.06555534163635457,
    0.06501448928611353,
    0.06433386661410623,
    0.0637880819667771,
    0.06323439139305265,
    0.06274551603019063,
    0.062319019163624034,
    0.062003551282032277,
    0.061649686673263204,
    0.06134360371652292,
    0.06112417921940505,
    0.060818442772870185,
    0.060655804989437456,
    0.060538343775988324,
    0.06035580955358455,
    0.06027319120039465,
    0.06021361302009609,
    0.06013818145584082,
    0.060154982120366185,
    0.06016124414054502,
    0.06012083940549928,
    0.060122968674477306,
    0.060086422491622216,
    0.060155777578074776
  ],
  "semantic_scores": [
    [
      0.2260145194530487,
      0.22600499248504638,
      0.2259707295894623
    ],
    [
      0.2259657781124115,
      0.225976233959198,
      0.22594555270671846
    ],
    [
      0.2259142210483551,
      0.22593860292434692,
      0.22592200183868408
    ],
    [
      0.22585546052455902,
      0.22589069366455078,
      0.22588432669639588
    ],
    [
      0.2257904064655304,
      0.22585720252990724,
      0.22582140576839446
    ],
    [
      0.22571902656555176,
      0.22578603982925416,
      0.2257670134305954
    ],
    [
      0.2256364302635193,
      0.22571504950523377,
      0.22569313168525695
    ],
    [
      0.22555655789375306,
      0.22565499329566954,
      0.22561761617660522
    ],
    [
      0.22546552801132203,
      0.22555041575431825,
      0.22551592636108397
    ],
    [
      0.22536850476264952,
      0.2254254834651947,
      0.2254026471376419
    ],
    [
      0.22524264895915985,
      0.22530689597129822,
      0.22529184234142302
    ],
    [
      0.22510283398628234,
      0.2251786675453186,
      0.22513137423992158
    ],
    [
      0.22496002697944642,
      0.22500254464149474,
      0.22501251435279845
    ],
    [
      0.22481397926807403,
      0.2248581246137619,
      0.22481526327133178
    ],
    [
      0.22463881015777587,
      0.2246778792142868,
      0.22464514684677123
    ],
    [
      0.22447383761405945,
      0.22449717354774476,
      0.22442420220375062
    ],
    [
      0.22429813301563262,
      0.22430860936641694,
      0.2242061380147934
    ],
    [
      0.2241010298728943,
      0.22409735441207887,
      0.22402778291702272
    ],
    [
      0.2238716413974762,
      0.2238785420656204,
      0.22380273056030273
    ],
    [
      0.22366733944416045,
      0.22364389300346374,
      0.22358498096466065
    ],
    [
      0.22346349763870238,
      0.22344162487983704,
      0.22338215911388398
    ],
    [
      0.22330553567409514,
      0.22319682741165162,
      0.22316694140434265
    ],
    [
      0.2230582810640335,
      0.22298995661735535,
      0.22300357985496522
    ],
    [
      0.22284187865257263,
      0.22279331123828888,
      0.22277280783653258
    ],
    [
      0.22270015096664428,
      0.2225627555847168,
      0.22261456096172333
    ],
    [
      0.2224776554107666,
      0.22235385274887084,
      0.2223362247943878
    ],
    [
      0.22228547143936156,
      0.2220868468284607,
      0.22219957685470582
    ],
    [
      0.2220805757045746,
      0.22188234090805053,
      0.22199539637565613
    ],
    [
      0.22189059233665467,
      0.2216744487285614,
      0.22180148589611054
    ],
    [
      0.22171013522148134,
      0.22146123039722443,
      0.2216875435113907
    ],
    [
      0.22156438732147216,
      0.22134706842899324,
      0.22147932887077332
    ],
    [
      0.22138055348396302,
      0.22115313386917115,
      0.22138015866279603
    ],
    [
      0.2213079037666321,
      0.22098837184906006,
      0.22118427634239196
    ],
    [
      0.2211535609960556,
      0.2208217386007309,
      0.22107571363449097
    ],
    [
      0.22097719860076903,
      0.22068846559524535,
      0.22102651286125183
    ],
    [
      0.2209164527654648,
      0.22062975776195526,
      0.22093872475624085
    ],
    [
      0.2208461844921112,
      0.22049255323410033,
      0.22090224397182465
    ],
    [
      0.22081826615333558,
      0.22040186262130737,
      0.22083608818054198
    ],
    [
      0.22078830361366272,
      0.22040539968013764,
      0.22078246903419493
    ],
    [
      0.22082200396060944,
      0.22036669611930848,
      0.22073015058040618
    ],
    [
      0.22081308460235596,
      0.2203357148170471,
      0.22083586013317108
    ],
    [
      0.22084032797813416,
      0.22028851819038392,
      0.22084005212783814
    ],
    [
      0.2208687777519226,
      0.22033203840255738,
      0.2208440854549408
    ],
    [
      0.22094557225704192,
      0.22041108751296998,
      0.22092257237434387
    ],
    [
      0.22090038657188416,
      0.22040859866142273,
      0.2209807276725769
    ],
    [
      0.22100387024879456,
      0.22040149319171906,
      0.2209867697954178
    ],
    [
      0.22105344080924988,
      0.2204928517341614,
      0.22102388453483582
    ],
    [
      0.22122450399398805,
      0.2205521376132965,
      0.22123829877376555
    ],
    [
      0.2213472570180893,
      0.22066670608520508,
      0.22131832385063172
    ],
    [
      0.22129707074165345,
      0.2206890250444412,
      0.22141935575008392
    ]
  ],