{
  "round": [
    1,
    2,
    3,
    4,
    5,
    6,
    7,
    8,
    9,
    10,
    11,
    12,
    13,
    14,
    15,
    16,
    17,
    18,
    19,
    20,
    21,
    22,
    23,
    24,
    25,
    26,
    27,
    28,
    29,
    30,
    31,
    32,
    33,
    34,
    35,
    36,
    37,
    38,
    39,
    40,
    41,
    42,
    43,
    44,
    45,
    46,
    47,
    48,
    49,
    50
  ],
  "test_acc": [
    0.9897610921501706,
    0.9897610921501706,
    0.9906143344709898,
    0.9906143344709898,
    0.9901877133105802,
    0.9897610921501706,
    0.9889078498293515,
    0.9889078498293515,
    0.9889078498293515,
    0.9889078498293515,
    0.9889078498293515,
    0.9889078498293515,
    0.988481228668942,
    0.9876279863481229,
    0.9876279863481229,
    0.9876279863481229,
    0.9880546075085325,
    0.9876279863481229,
    0.9880546075085325,
    0.9880546075085325,
    0.9876279863481229,
    0.9876279863481229,
    0.9876279863481229,
    0.9872013651877133,
    0.9872013651877133,
    0.9872013651877133,
    0.9872013651877133,
    0.9872013651877133,
    0.9876279863481229,
    0.9876279863481229,
    0.9876279863481229,
    0.9876279863481229,
    0.988481228668942,
    0.9889078498293515,
    0.9889078498293515,
    0.9889078498293515,
    0.9889078498293515,
    0.9889078498293515,
    0.9889078498293515,
    0.9889078498293515,
    0.9889078498293515,
    0.9889078498293515,
    0.9897610921501706,
    0.9901877133105802,
    0.9901877133105802,
    0.9901877133105802,
    0.9901877133105802,
    0.9901877133105802,
    0.9901877133105802,
    0.9901877133105802
  ],
  "test_loss": [
    0.05337555913744119,
    0.05341191856514777,
    0.05346489482505228,
    0.05355222950730816,
    0.05371547042497087,
    0.054000545903379195,
    0.05433084277130994,
    0.05475892127513784,
    0.05537375275191848,
    0.056078124020579226,
    0.05676901318075663,
    0.05733916276919659,
    0.05776292572923183,
    0.05781919872324672,
    0.05801998398110982,
    0.058169138040902166,
    0.05797974156444644,
    0.05806826274689452,
    0.0576952325351816,
    0.05737799606858133,
    0.056931134346719994,
    0.05663014663806115,
    0.05606200741190756,
    0.055568797284190515,
    0.055064290849358453,
    0.05452978822129299,
    0.05387138054346977,
    0.053315338543568555,
    0.05281413696728545,
    0.05229404515669436,
    0.051809139432919565,
    0.05136799189792914,
    0.05082931296912629,
    0.0503193886049486,
    0.0495718520555054,
    0.04902583654332626,
    0.04842844709425008,
    0.04801653453654295,
    0.04766956570323035,
    0.047347188197352855,
    0.04652732115480477,
    0.046098411026801726,
    0.045673218771494266,
    0.04541417389016268,
    0.045004241958772284,
    0.044641413127943085,
    0.0443165232042016,
    0.04376320874536213,
    0.043443077865673335,
    0.043142194746049446
  ],
  "semantic_scores": [
    [
      0.22601962327957154,
      0.2260047872066498,
      0.226066472530365
    ],
    [
      0.2260436660051346,
      0.2260334063768387,
      0.22607510995864868
    ],
    [
      0.22606326484680175,
      0.22604883742332457,
      0.2261025779247284
    ],
    [
      0.22609077441692352,
      0.22606863260269164,
      0.22613840103149413
    ],
    [
      0.22611879885196687,
      0.2260943069458008,
      0.2261570121049881
    ],
    [
      0.22614564061164855,
      0.22611275720596313,
      0.22617369091510772
    ],
    [
      0.22615502429008483,
      0.22611447989940645,
      0.22616951847076416
    ],
    [
      0.22614181411266326,
      0.2261242048740387,
      0.22616011619567872
    ],
    [
      0.22616618466377258,
      0.22610439133644103,
      0.22612972807884216
    ],
    [
      0.22615574645996095,
      0.22604462718963622,
      0.22610784101486206
    ],
    [
      0.22611600732803344,
      0.22602171862125398,
      0.2260398714542389
    ],
    [
      0.22606514930725097,
      0.22594285345077514,
      0.2259778370857239
    ],
    [
      0.22600742316246034,
      0.2258773809671402,
      0.22589470970630646
    ],
    [
      0.22592196202278136,
      0.2257874069213867,
      0.2257870111465454
    ],
    [
      0.2258188350200653,
      0.22568271589279174,
      0.22569061255455017
    ],
    [
      0.22573390293121337,
      0.22557024908065795,
      0.22556341743469238
    ],
    [
      0.22561906456947325,
      0.22544363343715668,
      0.22543736124038696
    ],
    [
      0.22549301743507386,
      0.22535831570625306,
      0.2253537037372589
    ],
    [
      0.22538222098350524,
      0.2252210912704468,
      0.22524061751365662
    ],
    [
      0.22527994906902313,
      0.2251041622161865,
      0.22513176488876344
    ],
    [
      0.22512823438644408,
      0.2249941153526306,
      0.22495556461811067
    ],
    [
      0.22497701728343963,
      0.22484024500846864,
      0.2248692615032196
    ],
    [
      0.2248530226945877,
      0.22469117999076843,
      0.22466642308235169
    ],
    [
      0.22469561207294464,
      0.2245344613790512,
      0.22457871794700623
    ],
    [
      0.22458681690692903,
      0.22439176726341248,
      0.2244237129688263
    ],
    [
      0.2244192111492157,
      0.2242337944507599,
      0.22430675530433655
    ],
    [
      0.224249760389328,
      0.2240779981613159,
      0.2241317608356476
    ],
    [
      0.22411863577365876,
      0.22389623618125915,
      0.22403130507469177
    ],
    [
      0.2239899652004242,
      0.2237635306119919,
      0.22390960109233857
    ],
    [
      0.22389201259613037,
      0.22361338710784912,
      0.22375187647342681
    ],
    [
      0.2237509526014328,
      0.2234875603914261,
      0.2236185119152069
    ],
    [
      0.22362793016433716,
      0.2233000102043152,
      0.22354000687599182
    ],
    [
      0.22349357187747956,
      0.22319710087776184,
      0.2234012770652771
    ],
    [
      0.22334359896183015,
      0.22303413593769073,
      0.22325497376918793
    ],
    [
      0.22322519040107727,
      0.22285764217376708,
      0.2231578507423401
    ],
    [
      0.22309238874912263,
      0.22274253284931184,
      0.22302303898334502
    ],
    [
      0.22297089409828186,
      0.22256003880500794,
      0.2229189933538437
    ],
    [
      0.2228445670604706,
      0.2224501156806946,
      0.22280413484573364
    ],
    [
      0.22272372245788574,
      0.2223526463508606,
      0.222676842212677
    ],
    [
      0.22260524439811707,
      0.2221921727657318,
      0.22261519408226013
    ],
    [
      0.22256338334083556,
      0.22213198161125183,
      0.22250938653945923
    ],
    [
      0.22252591753005982,
      0.2220653101205826,
      0.2224504234790802
    ],
    [
      0.22241645383834838,
      0.22194724321365356,
      0.2223932056427002
    ],
    [
      0.22229519033432008,
      0.221874330163002,
      0.22232027983665467
    ],
    [
      0.22224749898910523,
      0.221756863117218,
      0.22229803717136384
    ],
    [
      0.22225634396076202,
      0.2217558560371399,
      0.22221393620967864
    ],
    [
      0.22215296697616577,
      0.2216968126296997,
      0.22226280391216277
    ],
    [
      0.22216175651550293,
      0.22173435890674592,
      0.2222249608039856
    ],
    [
      0.22215015506744384,
      0.2216658536195755,
      0.22219128334522248
    ],
    [
      0.22220321488380432,
      0.22162571549415588,
      0.22213544094562532
    ]
  ],